{
  "model_config": {
    "algorithm": "LDA",
    "features": "f_classif",
    "imbalance": "none",
    "threshold": 0.06829968818556578
  },
  "validation_metrics": {
    "auc": 0.8599529384877614,
    "sensitivity": 0.82412362650688,
    "specificity": 0.7430766558977512,
    "ppv": 0.4310298729370539,
    "npv": 0.9470603985334966
  },
  "test_metrics": {
    "sensitivity": 0.7570243453312453,
    "specificity": 0.7172850629380924,
    "ppv": 0.37020955531930544,
    "npv": 0.9307834287661442,
    "accuracy": 0.7244385634345873,
    "nns": 2.701172850974905,
    "f1": 0.49724843457817586,
    "auc": 0.8058428465698708,
    "brier": 0.11370492062507995,
    "mcc": 0.3848270261387278,
    "net_benefit": 0.11927842057609553,
    "threshold": 0.06829968818556578
  }
}